step,customer,age,gender,zipcodeOri,merchant,zipMerchant,category,amount,fraud
19,C882893941,3,F,28010,M513140753,28008,es_fashion,23.46,0
4,C995619255,1,M,28008,M248532577,28007,es_home,150.51,0
40,C553035110,2,M,28007,M637500247,28007,es_health,65.84,0
15,C306468299,4,M,28008,M554340903,28010,es_fashion,45.65,0
30,C275452091,2,M,28007,M237859287,28010,es_wellnessandbeauty,8.48,0
27,C596348124,4,M,28007,M264112119,28010,es_home,8.48,0
21,C797808098,2,M,28008,M966267851,28010,es_fashion,2.99,0
27,C919795579,3,F,28008,M271779360,28010,es_health,100.56,0
6,C685582861,1,M,28008,M694021782,28010,es_food,45.95,0
30,C748245888,4,M,28008,M420452650,28007,es_food,61.56,0
16,C160062915,3,F,28010,M668132202,28008,es_wellnessandbeauty,1.04,0
13,C734036506,1,F,28007,M217734861,28010,es_health,175.18,0
33,C849621470,1,M,28008,M773715057,28007,es_home,89.32,0
15,C362863730,1,M,28007,M174316370,28007,es_food,11.93,0
42,C335493870,3,F,28008,M808402051,28009,es_fashion,10.03,0
16,C673528321,2,F,28010,M872751234,28007,es_transportation,10.13,0
29,C727694430,1,M,28008,M120912992,28009,es_fashion,18.14,0
22,C131994523,2,F,28009,M369953851,28010,es_health,37.2,0
45,C930075810,1,F,28007,M739830322,28009,es_transportation,28.28,0
6,C678722458,2,F,28009,M621828280,28008,es_home,17.21,0
21,C485451171,3,F,28009,M217734861,28007,es_home,47.32,0
27,C719927151,1,M,28009,M315984311,28008,es_home,7.51,0
16,C553778756,4,F,28007,M168212356,28007,es_home,17.28,0
9,C899925830,1,F,28008,M918739736,28008,es_transportation,22.81,0
19,C386665249,1,F,28008,M690347116,28008,es_home,30.45,0
6,C481469012,4,M,28008,M369953851,28008,es_food,76.9,0
1,C331191390,3,F,28008,M415143362,28008,es_home,11.14,0
6,C176667861,1,F,28008,M222998994,28010,es_wellnessandbeauty,36.1,0
19,C883543540,2,M,28008,M753876785,28009,es_wellnessandbeauty,44.88,0
4,C306468299,3,F,28009,M197613238,28007,es_wellnessandbeauty,2.38,0
11,C488690725,3,M,28007,M885879795,28010,es_wellnessandbeauty,46.77,0
46,C349957310,4,M,28010,M709194872,28008,es_wellnessandbeauty,9.35,0
2,C335809993,1,M,28009,M918739736,28007,es_home,3.36,0
21,C349957310,1,F,28009,M808402051,28010,es_wellnessandbeauty,148.68,0
25,C810026086,2,M,28010,M808402051,28010,es_home,168.53,0
47,C266944844,3,F,28007,M103484630,28009,es_fashion,82.62,0
27,C488690725,3,F,28010,M273461957,28008,es_health,18.16,0
30,C398362082,1,F,28009,M830661141,28008,es_home,5.14,0
19,C146654552,2,M,28007,M150590821,28008,es_food,57.64,0
39,C200604502,4,F,28008,M751325257,28010,es_food,29.0,0
25,C506448196,2,M,28007,M865523129,28010,es_fashion,6.51,0
11,C524806516,4,M,28008,M513140753,28010,es_fashion,34.18,0
29,C253407200,3,F,28010,M357109965,28010,es_fashion,1.75,0
47,C438715135,4,F,28008,M671988889,28009,es_health,120.02,0
31,C234031070,3,F,28007,M751325257,28009,es_fashion,14.97,0
17,C782560971,3,M,28008,M668132202,28008,es_food,54.31,0
44,C271432881,2,M,28010,M313579170,28009,es_health,18.68,0
29,C507437181,1,M,28010,M786066793,28007,es_health,36.71,0
24,C530747414,1,F,28009,M883757514,28010,es_food,39.56,0
34,C899925830,2,F,28008,M415143362,28010,es_food,10.22,0
1,C781802744,3,F,28008,M669462919,28008,es_health,174.64,0
34,C339670711,4,M,28007,M922308461,28010,es_fashion,74.61,0
29,C919795579,1,F,28010,M382811832,28008,es_food,140.25,0
20,C995619255,4,F,28010,M465260635,28007,es_food,112.61,0
1,C364814270,1,F,28008,M235034324,28007,es_home,45.55,0
2,C249827706,2,M,28007,M174316370,28008,es_fashion,127.47,0
8,C438715135,1,M,28010,M384602384,28009,es_wellnessandbeauty,4.63,0
10,C685126461,2,F,28007,M184564737,28007,es_wellnessandbeauty,10.91,0
36,C795822698,4,M,28007,M191969690,28008,es_transportation,2.31,0
44,C930075810,1,M,28009,M966267851,28010,es_home,19.68,0
23,C131994523,3,M,28010,M448059918,28007,es_food,24.61,0
23,C345938494,2,F,28008,M327416584,28009,es_health,15.83,0
34,C387484583,4,F,28009,M382811832,28008,es_transportation,88.23,0
17,C933223566,2,F,28010,M918150683,28007,es_food,22.06,0
20,C919795579,4,M,28009,M219778234,28009,es_wellnessandbeauty,16.49,0
38,C719927151,1,M,28007,M925276600,28010,es_food,39.12,0
35,C234031070,4,F,28010,M629908599,28007,es_wellnessandbeauty,7.59,0
14,C362863730,2,F,28009,M100614068,28009,es_food,81.02,0
47,C702764446,3,F,28010,M415143362,28009,es_wellnessandbeauty,3.87,0
14,C550455977,2,F,28007,M910959828,28008,es_fashion,216.71,0
13,C387484583,3,F,28007,M873869166,28009,es_fashion,73.97,0
23,C331191390,3,M,28008,M566825638,28007,es_transportation,11.08,0
35,C149203558,2,F,28007,M647099690,28009,es_food,0.28,0
30,C835098955,3,M,28007,M465260635,28010,es_transportation,84.49,0
4,C882893941,4,M,28007,M668132202,28008,es_health,61.35,0
19,C642621108,2,M,28010,M621828280,28008,es_health,65.28,0
24,C933223566,4,F,28010,M875340444,28007,es_health,73.76,0
47,C313500298,2,M,28009,M237859287,28007,es_fashion,3.85,0
15,C266944844,1,M,28007,M313579170,28010,es_home,22.19,0
38,C964411347,3,M,28008,M269820594,28009,es_home,6.16,0
29,C200604502,2,F,28008,M501486939,28007,es_health,99.43,0
14,C965241839,3,M,28007,M264112119,28008,es_wellnessandbeauty,48.82,0
38,C560027313,3,F,28007,M669462919,28009,es_home,20.09,0
25,C488302652,4,F,28007,M885879795,28007,es_food,3.28,0
47,C508157429,3,M,28007,M386501362,28007,es_home,18.62,0
17,C528853029,1,M,28010,M489747629,28010,es_wellnessandbeauty,19.67,0
11,C335493870,4,F,28007,M100614068,28009,es_food,65.39,0
21,C508157429,1,M,28009,M313579170,28010,es_wellnessandbeauty,50.74,0
42,C882893941,1,F,28007,M872751234,28009,es_wellnessandbeauty,109.11,0
7,C362863730,1,F,28010,M217734861,28008,es_health,31.95,0
23,C870854579,4,M,28008,M415143362,28008,es_wellnessandbeauty,6.37,0
28,C171069472,1,M,28008,M666585408,28008,es_wellnessandbeauty,62.46,0
35,C896233790,4,M,28008,M168212356,28010,es_transportation,71.52,0
41,C271432881,4,F,28009,M264109919,28010,es_food,41.19,0
15,C160062915,2,F,28008,M885879795,28008,es_transportation,73.69,0
17,C507437181,3,F,28007,M269820594,28009,es_health,34.04,0
37,C326541099,2,F,28010,M291825997,28009,es_health,36.98,0
48,C899925830,4,F,28009,M873869166,28008,es_health,27.89,0
24,C593303705,4,M,28009,M910959828,28010,es_home,1.29,0
24,C754049436,2,F,28007,M509760584,28009,es_transportation,5.71,0
28,C313500298,4,M,28008,M313579170,28008,es_transportation,1.6,0
30,C774996843,3,F,28007,M637500247,28010,es_wellnessandbeauty,50.59,0
40,C171069472,1,M,28008,M916690353,28009,es_fashion,18.87,0
47,C128492780,4,M,28007,M273461957,28008,es_home,35.52,0
19,C249827706,1,F,28007,M587182120,28009,es_wellnessandbeauty,119.06,0
27,C914763202,2,F,28008,M694021782,28008,es_transportation,14.34,0
39,C176667861,2,F,28008,M386501362,28010,es_home,26.41,0
16,C345938494,3,M,28010,M269820594,28008,es_transportation,70.44,0
28,C274648506,3,F,28009,M936043811,28009,es_fashion,12.99,0
24,C387484583,1,M,28010,M709194872,28009,es_health,4.01,0
18,C810026086,1,F,28009,M647099690,28007,es_health,17.11,0
47,C870854579,3,M,28009,M906248900,28008,es_health,8.79,0
16,C969119330,1,M,28009,M273461957,28007,es_health,132.75,0
23,C732719211,1,F,28009,M910959828,28010,es_fashion,82.54,0
12,C732719211,3,F,28008,M465260635,28010,es_wellnessandbeauty,50.17,0
47,C995619255,1,F,28007,M602564736,28008,es_home,102.58,0
46,C673528321,3,M,28010,M647099690,28009,es_health,81.4,0
7,C160062915,3,F,28010,M671988889,28009,es_transportation,10.32,0
43,C593303705,4,M,28009,M976198296,28008,es_home,111.54,0
4,C982403818,3,F,28007,M739830322,28007,es_transportation,38.75,0
19,C709004943,1,M,28008,M966267851,28008,es_food,82.37,0
29,C853573823,4,M,28010,M235034324,28007,es_food,113.21,0
39,C275452091,3,M,28009,M676567501,28010,es_food,19.14,0
15,C819595113,1,F,28009,M264112119,28010,es_wellnessandbeauty,5.83,0
12,C336696312,4,M,28008,M922308461,28007,es_transportation,12.93,0
21,C506448196,2,M,28007,M840739735,28008,es_health,27.85,0
13,C593303705,3,M,28007,M566825638,28008,es_fashion,85.19,0
34,C692749116,2,M,28007,M509760584,28007,es_wellnessandbeauty,98.57,0
15,C508157429,1,M,28009,M217734861,28008,es_home,0.35,0
26,C592688426,1,M,28010,M679153816,28009,es_health,35.74,0
37,C797808098,4,M,28007,M327416584,28009,es_food,27.01,0
41,C249827706,1,F,28010,M501486939,28007,es_food,12.56,0
45,C448195935,1,M,28009,M621828280,28008,es_transportation,6.38,0
8,C719927151,3,F,28009,M936043811,28010,es_transportation,20.6,0
44,C685126461,2,F,28010,M386501362,28010,es_wellnessandbeauty,143.16,0
29,C882893941,4,M,28009,M501486939,28009,es_home,19.52,0
16,C833953718,2,F,28007,M830661141,28007,es_transportation,36.57,0
27,C702632297,3,M,28007,M191969690,28009,es_home,60.7,0
7,C596348124,3,F,28007,M269820594,28009,es_wellnessandbeauty,22.6,0
6,C528853029,2,M,28010,M906248900,28007,es_wellnessandbeauty,178.39,0
35,C853573823,1,F,28008,M501486939,28007,es_health,164.1,0
42,C764130526,1,M,28009,M384602384,28009,es_wellnessandbeauty,14.5,0
22,C219540831,2,M,28010,M773715057,28008,es_home,34.38,0
40,C249827706,1,M,28010,M264109919,28010,es_wellnessandbeauty,17.9,0
10,C853573823,3,F,28007,M217734861,28008,es_fashion,16.76,0
48,C685582861,1,F,28010,M237859287,28010,es_food,1.88,0
38,C448195935,4,F,28008,M883757514,28007,es_wellnessandbeauty,47.02,0
27,C853041955,3,F,28009,M150590821,28008,es_food,34.93,0
38,C734036506,1,M,28009,M676567501,28008,es_wellnessandbeauty,2.64,0
18,C398471886,1,M,28010,M910959828,28010,es_fashion,16.33,0
8,C176667861,2,F,28007,M645098869,28007,es_food,119.44,0
1,C345938494,1,F,28010,M709194872,28010,es_home,13.69,0
40,C507437181,3,M,28010,M629908599,28009,es_fashion,7.83,0
39,C345938494,3,M,28010,M740389325,28008,es_food,33.61,0
37,C882893941,1,F,28009,M910959828,28009,es_fashion,212.2,0
21,C398362082,1,M,28008,M865523129,28009,es_wellnessandbeauty,13.86,0
46,C914763202,2,M,28008,M465260635,28008,es_fashion,55.76,0
38,C271432881,1,M,28010,M669462919,28010,es_home,71.69,0
36,C508157429,3,M,28010,M773715057,28010,es_food,13.57,0
40,C930075810,3,M,28009,M120912992,28007,es_wellnessandbeauty,65.14,0
29,C933223566,1,M,28009,M269820594,28007,es_home,22.93,0
5,C328306011,4,F,28007,M679153816,28008,es_wellnessandbeauty,50.03,0
38,C438715135,2,M,28010,M740389325,28009,es_home,50.19,0
5,C328306011,2,M,28008,M666585408,28010,es_food,38.37,0
33,C790256940,2,F,28009,M269820594,28010,es_food,4.73,0
49,C995619255,1,F,28007,M637500247,28007,es_health,90.18,0
43,C754049436,3,F,28008,M637500247,28007,es_health,19.34,0
42,C106977991,3,F,28010,M509760584,28007,es_wellnessandbeauty,10.32,0
35,C795822698,3,M,28007,M922308461,28010,es_health,2.08,0
23,C395310485,3,F,28008,M676567501,28009,es_food,44.69,0
12,C146654552,2,M,28007,M587182120,28007,es_health,56.59,0
49,C364814270,1,F,28008,M885879795,28010,es_fashion,0.84,0
10,C919795579,2,F,28007,M313579170,28009,es_home,35.88,0
46,C675770529,4,F,28010,M386501362,28008,es_wellnessandbeauty,12.84,0
30,C199585092,3,F,28010,M315984311,28009,es_food,51.81,0
32,C253407200,4,M,28008,M621828280,28008,es_wellnessandbeauty,9.58,0
3,C387484583,3,M,28007,M269820594,28007,es_fashion,58.71,0
17,C933223566,2,F,28007,M906248900,28010,es_wellnessandbeauty,24.45,0
1,C507437181,1,F,28009,M925276600,28010,es_transportation,138.02,0
23,C146654552,1,F,28007,M751325257,28009,es_fashion,7.4,0
8,C210053353,3,F,28008,M840739735,28010,es_food,20.86,0
39,C219540831,1,M,28009,M676567501,28008,es_health,6.02,0
46,C253407200,4,M,28009,M925276600,28009,es_transportation,129.31,0
3,C234031070,4,F,28007,M168212356,28010,es_health,104.92,0
34,C395310485,2,M,28009,M501486939,28007,es_health,14.92,0
22,C234031070,4,M,28007,M992994062,28009,es_transportation,53.94,0
33,C899925830,1,F,28010,M150590821,28010,es_wellnessandbeauty,84.97,0
16,C395310485,3,M,28009,M925276600,28007,es_health,40.51,0
47,C782560971,2,M,28009,M430190783,28009,es_home,37.71,0
11,C982403818,4,M,28008,M773715057,28010,es_transportation,13.84,0
18,C203848421,1,M,28007,M872751234,28009,es_health,4.89,0
25,C899925830,4,F,28007,M883757514,28008,es_wellnessandbeauty,113.76,0
22,C685582861,3,F,28007,M771410971,28010,es_food,115.34,0
47,C835098955,4,F,28008,M624636385,28010,es_wellnessandbeauty,50.13,0
33,C764130526,1,F,28007,M918739736,28008,es_health,20.7,0
18,C508157429,1,M,28009,M237859287,28009,es_wellnessandbeauty,21.48,0
28,C838908273,2,F,28009,M679153816,28007,es_home,64.72,0
22,C335809993,3,M,28007,M808402051,28010,es_wellnessandbeauty,113.7,0
32,C849621470,1,M,28010,M911514914,28008,es_transportation,109.06,0
15,C386665249,3,F,28007,M621828280,28008,es_home,75.68,0
28,C853573823,3,F,28007,M709194872,28008,es_health,51.37,0
23,C673528321,3,F,28008,M168212356,28007,es_home,4.39,0
11,C870854579,4,M,28009,M865523129,28009,es_home,8.81,0
28,C748245888,3,F,28008,M513140753,28008,es_transportation,114.41,0
28,C266944844,4,M,28009,M808402051,28009,es_home,46.62,0
4,C702764446,3,F,28008,M751325257,28008,es_wellnessandbeauty,0.46,0
32,C146654552,1,M,28008,M925276600,28010,es_transportation,5.35,0
23,C678722458,3,F,28008,M976198296,28007,es_transportation,54.46,0
19,C673528321,4,F,28010,M709194872,28007,es_fashion,0.25,0
20,C200604502,4,F,28009,M509760584,28008,es_fashion,8.77,0
27,C437882805,1,M,28008,M103484630,28008,es_fashion,39.78,0
20,C146654552,3,F,28007,M465260635,28008,es_home,58.87,0
35,C719927151,2,F,28007,M120912992,28008,es_health,52.77,0
37,C271432881,2,F,28007,M197613238,28007,es_transportation,12.7,0
41,C528853029,3,M,28010,M174316370,28007,es_food,62.27,0
40,C899925830,3,F,28010,M788227492,28010,es_wellnessandbeauty,13.54,0
29,C200604502,1,M,28010,M264109919,28010,es_food,19.68,0
13,C491735568,2,F,28009,M327416584,28009,es_food,68.62,0
8,C853573823,1,F,28008,M669462919,28007,es_wellnessandbeauty,52.44,0
28,C184611066,2,M,28007,M587182120,28010,es_health,94.6,0
26,C184611066,2,F,28009,M873869166,28008,es_food,53.59,0
32,C134467368,4,F,28010,M629908599,28007,es_food,42.0,0
32,C345938494,2,M,28009,M217734861,28007,es_wellnessandbeauty,4.92,0
31,C964411347,3,M,28007,M918739736,28008,es_wellnessandbeauty,22.92,0
46,C386665249,4,F,28007,M753876785,28007,es_health,15.41,0
35,C199585092,3,F,28007,M786066793,28010,es_health,13.99,0
17,C550455977,2,M,28010,M771410971,28009,es_health,180.62,0
23,C106977991,2,F,28007,M150590821,28007,es_fashion,24.97,0
45,C782560971,4,F,28008,M621828280,28008,es_wellnessandbeauty,111.3,0
39,C208449460,2,F,28009,M191969690,28009,es_health,49.87,0
32,C384412919,4,F,28010,M629908599,28009,es_wellnessandbeauty,79.19,0
43,C853041955,4,F,28007,M885879795,28010,es_wellnessandbeauty,34.92,0
41,C488690725,2,M,28010,M694021782,28010,es_fashion,43.01,0
43,C506448196,1,M,28008,M629908599,28010,es_wellnessandbeauty,33.91,0
26,C965241839,4,M,28010,M120912992,28010,es_home,10.86,0
46,C553035110,2,M,28009,M237859287,28010,es_health,64.09,0
24,C349957310,2,F,28009,M430190783,28009,es_home,16.48,0
49,C774996843,4,M,28008,M566825638,28009,es_fashion,1.23,0
19,C174684276,2,F,28009,M743111853,28009,es_health,51.85,0
46,C719927151,3,M,28010,M645098869,28009,es_fashion,9.75,0
18,C826600539,3,M,28009,M273461957,28009,es_home,141.05,0
30,C748245888,2,F,28009,M739830322,28007,es_health,153.88,0
47,C234031070,2,M,28008,M671988889,28008,es_transportation,123.18,0
6,C596348124,3,F,28007,M690347116,28008,es_transportation,23.11,0
35,C849621470,4,F,28010,M235034324,28008,es_wellnessandbeauty,0.78,0
20,C174684276,1,M,28008,M966267851,28007,es_fashion,131.78,0
26,C331191390,1,F,28010,M830448745,28009,es_transportation,27.95,0
0,C344703907,1,F,28009,M936043811,28010,es_fashion,170.04,0
32,C134467368,3,M,28007,M637500247,28008,es_home,165.69,0
29,C414797776,2,M,28009,M587182120,28008,es_fashion,95.87,0
39,C362863730,4,F,28007,M753876785,28007,es_fashion,17.44,0
8,C530747414,3,M,28007,M219778234,28010,es_fashion,24.31,0
28,C764130526,3,F,28007,M219778234,28009,es_home,95.24,0
15,C553035110,1,F,28009,M369953851,28010,es_home,19.06,0
32,C185675980,1,F,28009,M976198296,28008,es_fashion,9.29,0
8,C530747414,2,F,28009,M264109919,28010,es_health,40.69,0
42,C384027113,2,M,28010,M992994062,28009,es_transportation,137.56,0
36,C853041955,1,M,28008,M694021782,28009,es_health,59.54,0
28,C685126461,2,F,28007,M220117054,28010,es_transportation,42.21,0
29,C732719211,4,F,28007,M162196678,28010,es_home,5.11,0
19,C362950628,4,F,28007,M910959828,28008,es_health,47.73,0
4,C895285932,4,F,28007,M430190783,28007,es_transportation,230.53,0
30,C890779946,3,F,28008,M315984311,28008,es_home,7.55,0
46,C389854268,3,F,28010,M420452650,28010,es_transportation,36.52,0
43,C364814270,2,F,28007,M112327652,28010,es_health,104.93,0
8,C146654552,1,M,28009,M669462919,28010,es_health,67.5,0
24,C883543540,2,F,28009,M668132202,28009,es_fashion,59.7,0
46,C853041955,1,F,28007,M925276600,28008,es_transportation,60.61,0
6,C890779946,4,M,28008,M679064766,28007,es_food,22.27,0
28,C593303705,2,M,28008,M120912992,28009,es_fashion,17.38,0
46,C528853029,3,F,28008,M103484630,28008,es_home,82.87,0
33,C966647391,4,F,28009,M264112119,28008,es_home,83.07,0
43,C838908273,4,M,28009,M922308461,28010,es_health,100.9,0
20,C507437181,4,M,28009,M420452650,28008,es_health,122.23,0
30,C234031070,2,F,28008,M669462919,28007,es_health,35.8,0
26,C507437181,2,F,28008,M465260635,28008,es_wellnessandbeauty,34.81,0
41,C349817734,4,F,28007,M966267851,28008,es_transportation,80.05,0
17,C795822698,1,M,28008,M840739735,28008,es_food,52.49,0
13,C782560971,3,M,28008,M873869166,28007,es_home,60.53,0
48,C530747414,2,M,28010,M925276600,28009,es_wellnessandbeauty,79.43,0
24,C134467368,3,F,28009,M214257751,28010,es_food,110.37,0
6,C964411347,3,M,28009,M872751234,28010,es_transportation,20.62,0
36,C966647391,2,M,28009,M357109965,28010,es_wellnessandbeauty,23.55,0
9,C507943839,3,M,28010,M358633898,28008,es_food,4.93,0
35,C995619255,3,F,28010,M936043811,28008,es_home,43.17,0
22,C398362082,2,F,28008,M430190783,28007,es_health,1.83,0
2,C334760738,1,M,28010,M739830322,28008,es_transportation,31.33,0
45,C965241839,1,M,28010,M771410971,28007,es_health,39.11,0
40,C387484583,4,M,28007,M966267851,28010,es_transportation,16.88,0
1,C253407200,3,F,28007,M120912992,28010,es_fashion,44.68,0
6,C702632297,2,M,28008,M174316370,28009,es_wellnessandbeauty,1.55,0
17,C673528321,1,F,28010,M936043811,28008,es_home,1.9,0
14,C344703907,1,M,28007,M753876785,28010,es_food,86.47,0
35,C438715135,1,M,28008,M950488739,28010,es_food,22.33,0
41,C586845604,1,M,28008,M676567501,28010,es_wellnessandbeauty,6.79,0
2,C334760738,3,M,28008,M872751234,28007,es_fashion,36.93,0
37,C106977991,4,M,28009,M369953851,28008,es_health,73.48,0
24,C364814270,3,F,28008,M277303722,28007,es_health,12.16,0
47,C274648506,1,M,28010,M386501362,28007,es_wellnessandbeauty,48.76,0
38,C673528321,3,M,28009,M679153816,28010,es_fashion,4.46,0
22,C678722458,4,F,28008,M690347116,28010,es_transportation,2.65,0
49,C810026086,2,M,28007,M415143362,28008,es_food,37.9,0
45,C271432881,4,F,28009,M740389325,28007,es_transportation,38.9,0
19,C448195935,3,F,28007,M509760584,28007,es_fashion,50.73,0
27,C924970419,4,M,28007,M830661141,28009,es_health,64.75,0
5,C398471886,4,M,28009,M313579170,28010,es_transportation,186.18,0
46,C902099969,2,M,28010,M694021782,28008,es_wellnessandbeauty,36.31,0
19,C764130526,4,M,28007,M694021782,28010,es_wellnessandbeauty,19.5,0
26,C344703907,4,M,28009,M465260635,28008,es_home,79.28,0
40,C709004943,2,F,28007,M739830322,28009,es_transportation,15.79,0
25,C782560971,4,F,28010,M637500247,28010,es_home,28.9,0
38,C398704996,3,F,28008,M743111853,28009,es_fashion,4.09,0
25,C208449460,3,F,28008,M382811832,28010,es_wellnessandbeauty,1.28,0
25,C386665249,1,M,28008,M690347116,28007,es_home,164.37,0
29,C469319644,4,F,28007,M313579170,28010,es_fashion,90.39,0
40,C930075810,2,F,28008,M751325257,28010,es_food,59.53,0
4,C924970419,4,F,28010,M430190783,28007,es_wellnessandbeauty,26.29,0
44,C249926919,1,M,28008,M237859287,28009,es_fashion,9.52,0
41,C895285932,4,F,28010,M740389325,28007,es_transportation,8.51,0
16,C966647391,2,F,28009,M645098869,28010,es_home,14.4,0
37,C437882805,2,F,28007,M743111853,28007,es_wellnessandbeauty,39.84,0
26,C642621108,1,M,28009,M875340444,28009,es_food,62.69,0
13,C790256940,4,F,28010,M553290810,28010,es_home,53.97,0
44,C933223566,3,M,28009,M150590821,28007,es_transportation,16.42,0
21,C797808098,2,M,28008,M357109965,28008,es_wellnessandbeauty,154.91,0
35,C838908273,4,M,28010,M916690353,28008,es_fashion,66.95,0
40,C698020238,4,M,28008,M679153816,28010,es_food,40.41,0
0,C748245888,2,F,28007,M709194872,28007,es_health,47.3,0
11,C386665249,3,M,28010,M168212356,28009,es_home,27.2,0
31,C253407200,3,F,28010,M191969690,28007,es_wellnessandbeauty,14.23,0
22,C345938494,2,F,28007,M610330567,28008,es_wellnessandbeauty,22.0,0
7,C234031070,3,M,28008,M771410971,28008,es_health,70.91,0
24,C389854268,2,F,28010,M830448745,28010,es_home,0.72,0
34,C266944844,2,F,28009,M739830322,28008,es_wellnessandbeauty,6.17,0
28,C193349856,3,M,28010,M739830322,28008,es_food,2.35,0
35,C328306011,4,F,28010,M264109919,28010,es_food,2.08,0
10,C642621108,1,M,28009,M911514914,28009,es_fashion,96.71,0
34,C174684276,2,F,28010,M357109965,28007,es_health,60.81,0
7,C764130526,3,M,28010,M430190783,28008,es_food,32.14,0
6,C184611066,3,M,28010,M219778234,28009,es_transportation,5.15,0
28,C550455977,2,M,28009,M666585408,28010,es_fashion,33.83,0
39,C969119330,2,M,28007,M358633898,28009,es_health,32.07,0
17,C249926919,2,F,28009,M587182120,28009,es_health,9.51,0
43,C702632297,2,F,28007,M566825638,28008,es_home,28.44,0
8,C184611066,2,F,28008,M840739735,28010,es_food,25.42,0
9,C528853029,3,F,28010,M679153816,28007,es_home,47.84,0
49,C128492780,4,F,28009,M936043811,28010,es_wellnessandbeauty,50.41,0
37,C786579303,1,F,28009,M773715057,28010,es_fashion,2.32,0
27,C748245888,4,F,28009,M269820594,28009,es_health,23.47,0
36,C732719211,4,F,28007,M150590821,28007,es_home,49.16,0
29,C395310485,1,M,28010,M936043811,28007,es_food,34.97,0
12,C732719211,3,M,28009,M830661141,28009,es_wellnessandbeauty,97.07,0
5,C833953718,2,M,28010,M916690353,28009,es_home,53.75,0
44,C593303705,4,M,28007,M248532577,28008,es_food,8.89,0
4,C732719211,2,F,28007,M647099690,28009,es_transportation,3.66,0
27,C732719211,4,M,28008,M786066793,28007,es_home,51.42,0
6,C868820204,3,F,28009,M739830322,28010,es_fashion,1.34,0
41,C106977991,1,M,28008,M273461957,28009,es_home,44.07,0
13,C965241839,4,F,28008,M830661141,28007,es_fashion,140.86,0
48,C336696312,4,F,28010,M872751234,28008,es_fashion,42.84,0
17,C642621108,2,F,28007,M237859287,28009,es_fashion,24.57,0
33,C803771909,2,F,28009,M922308461,28007,es_fashion,51.54,0
31,C754049436,1,M,28010,M671988889,28007,es_health,30.65,0
0,C819595113,3,M,28010,M358633898,28010,es_wellnessandbeauty,39.44,0
34,C266944844,4,M,28007,M191969690,28007,es_transportation,141.91,0
16,C384027113,1,M,28010,M120912992,28009,es_home,24.4,0
45,C437882805,4,F,28010,M950488739,28008,es_wellnessandbeauty,162.45,0
5,C185675980,1,M,28008,M966267851,28009,es_food,117.88,0
37,C134126396,3,F,28008,M264112119,28008,es_transportation,10.89,0
27,C685126461,4,M,28009,M808402051,28008,es_transportation,3.59,0
0,C969119330,1,M,28010,M291825997,28009,es_fashion,5.31,0
23,C582334538,3,M,28007,M637500247,28010,es_wellnessandbeauty,0.92,0
33,C134126396,3,M,28010,M936043811,28009,es_transportation,4.96,0
31,C560027313,2,F,28008,M465260635,28007,es_health,57.44,0
43,C685126461,2,M,28007,M647099690,28008,es_transportation,3.69,0
30,C386665249,4,M,28008,M911514914,28010,es_fashion,19.21,0
20,C184611066,4,F,28009,M271779360,28009,es_transportation,93.18,0
32,C193349856,2,M,28007,M753876785,28007,es_food,1.18,0
18,C185675980,3,M,28010,M647099690,28009,es_fashion,84.23,0
18,C727694430,3,M,28010,M771410971,28010,es_fashion,16.55,0
46,C899925830,2,M,28007,M313579170,28007,es_fashion,6.29,0
34,C274648506,1,F,28007,M840739735,28010,es_home,59.66,0
46,C410727955,1,M,28008,M264109919,28010,es_transportation,49.57,0
9,C306468299,1,M,28008,M489747629,28010,es_home,104.97,0
23,C345938494,1,M,28008,M671988889,28010,es_transportation,66.41,0
37,C560027313,1,F,28008,M925276600,28009,es_wellnessandbeauty,81.35,0
20,C283758720,3,F,28010,M415143362,28008,es_transportation,16.57,0
12,C398704996,1,M,28007,M694021782,28010,es_food,9.77,0
20,C275452091,1,F,28008,M679153816,28009,es_food,69.44,0
16,C550455977,1,M,28009,M666585408,28007,es_fashion,82.21,0
20,C914763202,1,M,28009,M645098869,28007,es_home,232.85,0
19,C990566476,2,M,28010,M679153816,28008,es_transportation,26.6,0
29,C868820204,2,M,28007,M264112119,28008,es_fashion,23.26,0
12,C882893941,3,M,28009,M271779360,28007,es_transportation,74.9,0
12,C448195935,2,M,28009,M513140753,28007,es_food,20.84,0
3,C398362082,4,F,28010,M197613238,28010,es_home,133.51,0
27,C266944844,3,M,28008,M566825638,28009,es_food,97.74,0
9,C890779946,2,F,28010,M313579170,28010,es_transportation,28.02,0
5,C306468299,4,M,28010,M222998994,28008,es_home,69.49,0
34,C395310485,4,F,28010,M430190783,28010,es_wellnessandbeauty,70.23,0
36,C437882805,3,F,28009,M830448745,28007,es_wellnessandbeauty,5.44,0
38,C966647391,1,F,28007,M100614068,28009,es_health,116.42,0
14,C849621470,1,M,28008,M415143362,28007,es_fashion,35.19,0
36,C781802744,3,M,28008,M925276600,28009,es_home,87.57,0
44,C324956459,1,F,28008,M358633898,28008,es_food,19.29,0
34,C185675980,2,F,28007,M830661141,28007,es_fashion,112.94,0
38,C966647391,1,F,28007,M637500247,28008,es_fashion,24.65,0
21,C331191390,3,M,28007,M602564736,28008,es_transportation,0.54,0
33,C386665249,1,F,28010,M191969690,28007,es_wellnessandbeauty,117.9,0
19,C508157429,2,M,28010,M671988889,28010,es_home,4.79,0
20,C266944844,3,M,28008,M420452650,28009,es_home,19.23,0
44,C810026086,2,M,28007,M384602384,28010,es_health,149.85,0
2,C919795579,3,M,28007,M624636385,28008,es_wellnessandbeauty,150.4,0
47,C334760738,2,F,28009,M694021782,28007,es_home,42.6,0
42,C782560971,4,M,28009,M831980933,28008,es_home,49.96,0
4,C497478786,3,M,28007,M217734861,28010,es_food,29.75,0
46,C389854268,2,F,28010,M420452650,28009,es_health,17.35,0
24,C313500298,4,M,28008,M679153816,28007,es_transportation,19.92,0
18,C362950628,3,F,28007,M271779360,28009,es_fashion,55.82,0
24,C553778756,1,M,28009,M885879795,28010,es_home,69.79,0
1,C698020238,2,F,28008,M217734861,28007,es_wellnessandbeauty,78.41,0
13,C209747451,4,F,28009,M103484630,28008,es_transportation,77.94,0
3,C283758720,4,M,28007,M214257751,28007,es_food,4.78,0
5,C810026086,4,M,28007,M197613238,28008,es_fashion,34.1,0
40,C149203558,1,F,28007,M875340444,28010,es_food,2.96,0
31,C774996843,1,F,28008,M771410971,28010,es_wellnessandbeauty,39.87,0
11,C924970419,1,F,28010,M669462919,28009,es_fashion,29.13,0
17,C727694430,1,M,28007,M950488739,28009,es_health,109.33,0
26,C883543540,1,F,28010,M966267851,28010,es_health,21.61,0
15,C438715135,3,M,28010,M751325257,28007,es_health,6.23,0
36,C524806516,2,M,28010,M112327652,28008,es_fashion,7.72,0
12,C582334538,1,F,28007,M690347116,28010,es_fashion,71.67,0
40,C914763202,3,F,28007,M830661141,28010,es_health,48.15,0
25,C678722458,3,F,28010,M647099690,28010,es_transportation,5.33,0
26,C965241839,2,M,28007,M358633898,28007,es_wellnessandbeauty,4.39,0
34,C274648506,4,F,28010,M235034324,28010,es_health,60.36,0
38,C438715135,1,M,28009,M753876785,28008,es_health,3.78,0
38,C882893941,1,F,28009,M277303722,28008,es_transportation,86.26,0
47,C438715135,3,F,28007,M918150683,28009,es_wellnessandbeauty,61.25,0
17,C326541099,1,M,28008,M103484630,28010,es_wellnessandbeauty,4.24,0
17,C507437181,1,M,28010,M676567501,28010,es_home,4.43,0
31,C524806516,3,M,28008,M773715057,28009,es_home,215.77,0
32,C362863730,2,M,28008,M873869166,28008,es_transportation,23.44,0
15,C890779946,4,M,28009,M666585408,28008,es_wellnessandbeauty,23.15,0
23,C982403818,4,M,28007,M925276600,28009,es_food,83.78,0
38,C924970419,2,F,28009,M291825997,28008,es_wellnessandbeauty,147.11,0
47,C128492780,3,M,28010,M217734861,28008,es_health,213.44,0
49,C748245888,2,M,28008,M415143362,28010,es_health,69.99,0
1,C126855092,4,M,28008,M885879795,28007,es_fashion,23.6,0
16,C410727955,3,F,28010,M291825997,28010,es_wellnessandbeauty,4.36,0
13,C134467368,3,F,28007,M248532577,28009,es_health,75.06,0
41,C856528252,3,M,28010,M773715057,28009,es_wellnessandbeauty,40.87,0
40,C398471886,3,F,28009,M873869166,28008,es_health,27.6,0
48,C234031070,1,F,28009,M690347116,28008,es_home,118.41,0
1,C870854579,3,F,28010,M753876785,28010,es_home,5.89,0
2,C335493870,2,F,28008,M690347116,28010,es_home,33.93,0
22,C328306011,3,M,28008,M587182120,28007,es_food,0.57,0
8,C990566476,2,F,28007,M906248900,28009,es_fashion,31.62,0
47,C410727955,4,F,28009,M219778234,28009,es_food,2.9,0
7,C964411347,1,M,28010,M873869166,28007,es_home,6.32,0
24,C253407200,3,F,28007,M668132202,28008,es_fashion,6.25,0
21,C275452091,4,M,28009,M751325257,28008,es_transportation,52.38,0
31,C782560971,2,F,28007,M248532577,28010,es_wellnessandbeauty,68.53,0
13,C398362082,2,F,28007,M509760584,28010,es_home,43.78,0
27,C362863730,4,F,28010,M248532577,28007,es_health,163.74,0
12,C833953718,1,F,28008,M629908599,28007,es_home,23.49,0
46,C184611066,2,F,28009,M509760584,28007,es_food,16.82,0
32,C410727955,2,M,28007,M103484630,28009,es_food,101.48,0
46,C790256940,3,F,28008,M918150683,28010,es_wellnessandbeauty,12.65,0
48,C209747451,2,F,28007,M386501362,28008,es_home,165.14,0
8,C748245888,1,M,28007,M214257751,28007,es_food,0.61,0
40,C414797776,1,M,28007,M235034324,28007,es_transportation,175.13,0
44,C685126461,4,F,28010,M513140753,28009,es_food,2.21,0
44,C271432881,2,M,28009,M264109919,28007,es_home,110.89,0
33,C488302652,2,F,28007,M220117054,28007,es_wellnessandbeauty,37.51,0
7,C797808098,4,M,28008,M865523129,28009,es_health,247.84,0
12,C324956459,4,F,28008,M150590821,28010,es_fashion,3.83,0
44,C387484583,3,M,28007,M647099690,28007,es_transportation,40.36,0
36,C709004943,2,M,28007,M554340903,28007,es_wellnessandbeauty,174.18,0
41,C593303705,4,F,28009,M669462919,28007,es_transportation,37.02,0
11,C826600539,3,F,28009,M501486939,28007,es_transportation,49.63,0
48,C895285932,1,M,28008,M637500247,28009,es_food,59.5,0
39,C764130526,1,F,28009,M830448745,28007,es_food,30.31,0
25,C160062915,3,F,28010,M264109919,28008,es_transportation,49.38,0
8,C553035110,2,M,28010,M191969690,28010,es_health,43.89,0
43,C835098955,2,F,28009,M976198296,28007,es_home,115.71,0
46,C732719211,4,F,28007,M313579170,28010,es_transportation,2.33,0
4,C990566476,3,M,28008,M808402051,28009,es_health,16.49,0
33,C702632297,4,M,28010,M291825997,28010,es_fashion,150.2,0
35,C193349856,1,M,28010,M624636385,28008,es_transportation,110.48,0
48,C326541099,3,M,28009,M566825638,28007,es_health,30.41,0
14,C702764446,4,F,28008,M950488739,28010,es_food,48.4,0
36,C924970419,1,F,28010,M872751234,28007,es_food,16.24,0
47,C395310485,1,F,28010,M911514914,28007,es_transportation,10.42,0
38,C930075810,2,F,28009,M214257751,28007,es_fashion,31.15,0
29,C586845604,4,F,28010,M168212356,28007,es_home,21.8,0
14,C786579303,3,F,28009,M357109965,28009,es_home,43.81,0
6,C895285932,2,F,28008,M751325257,28010,es_transportation,4.05,0
16,C507943839,2,M,28010,M676567501,28010,es_fashion,183.25,0
45,C995619255,1,F,28007,M671988889,28007,es_food,214.19,0
29,C328306011,2,F,28007,M992994062,28007,es_health,59.89,0
27,C335493870,4,M,28008,M327416584,28008,es_transportation,38.4,0
24,C508157429,4,F,28008,M566825638,28010,es_wellnessandbeauty,18.52,0
18,C933223566,2,M,28010,M621828280,28009,es_home,84.05,0
35,C349957310,2,M,28008,M174316370,28009,es_home,57.72,0
22,C732719211,2,F,28007,M840739735,28009,es_health,8.87,0
30,C335493870,4,F,28010,M647099690,28007,es_transportation,120.92,0
24,C914763202,1,M,28008,M415143362,28008,es_wellnessandbeauty,86.45,0
43,C692749116,2,M,28009,M831980933,28007,es_wellnessandbeauty,149.59,0
28,C868820204,2,F,28008,M220117054,28009,es_home,64.68,0
42,C685582861,4,F,28010,M690347116,28009,es_health,47.52,0
3,C896233790,3,M,28010,M906248900,28009,es_health,27.09,0
34,C507943839,2,F,28010,M112327652,28007,es_fashion,134.95,0
11,C636045484,1,F,28007,M501486939,28009,es_health,100.52,0
16,C732719211,2,F,28007,M637500247,28010,es_home,2.31,0
9,C826600539,2,F,28007,M865523129,28009,es_food,1.34,0
36,C702764446,3,M,28009,M992994062,28008,es_fashion,23.62,0
33,C131994523,2,F,28010,M830661141,28009,es_fashion,83.18,0
13,C586845604,3,F,28009,M676567501,28010,es_health,218.21,0
48,C126855092,1,F,28010,M925276600,28008,es_transportation,8.15,0
43,C508157429,4,M,28010,M465260635,28009,es_transportation,45.09,0
33,C833953718,4,F,28007,M587182120,28008,es_wellnessandbeauty,23.97,0
32,C642621108,1,M,28007,M916690353,28007,es_fashion,175.19,0
42,C748245888,4,M,28008,M966267851,28010,es_home,92.3,0
4,C271432881,1,F,28009,M911514914,28007,es_transportation,91.11,0
3,C331191390,3,M,28008,M219778234,28010,es_food,31.62,0
28,C362863730,4,F,28007,M786066793,28007,es_health,26.79,0
0,C134126396,1,M,28009,M120912992,28007,es_wellnessandbeauty,15.97,0
43,C930075810,1,F,28010,M420452650,28010,es_home,2.9,0
1,C438715135,2,M,28008,M910959828,28010,es_health,100.02,0
18,C106977991,3,F,28007,M357109965,28008,es_transportation,83.81,0
2,C219540831,4,M,28009,M831980933,28009,es_fashion,408.62,0
26,C636045484,2,M,28008,M906248900,28009,es_fashion,284.74,0
7,C919795579,1,F,28007,M587182120,28007,es_wellnessandbeauty,40.53,0
6,C507943839,4,F,28009,M509760584,28008,es_transportation,73.26,0
18,C131994523,2,F,28010,M679153816,28009,es_health,144.81,0
42,C410727955,2,F,28009,M501486939,28008,es_transportation,94.74,0
20,C184611066,2,F,28009,M214257751,28008,es_home,14.21,0
46,C586845604,4,F,28010,M645119047,28009,es_food,29.94,0
35,C797808098,2,M,28009,M739830322,28008,es_wellnessandbeauty,6.91,0
46,C334760738,1,M,28007,M184564737,28010,es_health,154.01,0
13,C210053353,3,F,28008,M214257751,28010,es_fashion,46.59,0
49,C149203558,2,F,28007,M645098869,28009,es_health,12.98,0
0,C234031070,2,M,28010,M369953851,28008,es_health,55.69,0
36,C914763202,4,F,28007,M906248900,28010,es_fashion,48.13,0
4,C774996843,3,M,28007,M808402051,28008,es_health,22.17,0
23,C781802744,4,F,28007,M150590821,28009,es_transportation,6.03,0
45,C790256940,3,F,28008,M420452650,28010,es_wellnessandbeauty,55.67,0
37,C334760738,3,F,28008,M489747629,28010,es_wellnessandbeauty,36.73,0
22,C171069472,4,M,28008,M273461957,28008,es_fashion,73.99,0
4,C636045484,3,M,28008,M830448745,28008,es_wellnessandbeauty,36.72,0
38,C550455977,2,F,28009,M554340903,28007,es_food,95.59,0
43,C530747414,4,M,28008,M922308461,28010,es_transportation,40.14,0
15,C895285932,2,M,28008,M916690353,28007,es_health,41.16,0
9,C734036506,2,F,28008,M489747629,28010,es_health,104.64,0
36,C395310485,3,M,28008,M679153816,28010,es_food,25.83,0
10,C966647391,4,M,28008,M174316370,28009,es_fashion,7.19,0
46,C491735568,4,M,28008,M420452650,28010,es_fashion,1.46,0
6,C395310485,2,F,28008,M621828280,28007,es_fashion,70.35,0
30,C210053353,1,M,28010,M237859287,28008,es_health,48.42,0
34,C786579303,4,F,28009,M150590821,28010,es_fashion,60.88,0
30,C176667861,3,M,28010,M739830322,28009,es_food,11.97,0
49,C593303705,1,F,28010,M465260635,28008,es_transportation,7.33,0
45,C219540831,1,M,28010,M235034324,28008,es_home,0.73,0
20,C275452091,3,M,28008,M501486939,28009,es_wellnessandbeauty,21.58,0
34,C787194506,3,F,28010,M883757514,28008,es_food,44.57,0
35,C382116655,4,M,28009,M162196678,28010,es_wellnessandbeauty,24.9,0
19,C528853029,3,F,28008,M237859287,28007,es_home,28.77,0
14,C924970419,2,M,28008,M220117054,28010,es_wellnessandbeauty,117.25,0
35,C193349856,2,F,28007,M830661141,28008,es_food,21.41,0
38,C335809993,1,M,28009,M906248900,28009,es_transportation,36.08,0
38,C210053353,4,F,28009,M751325257,28007,es_fashion,76.54,0
40,C709004943,4,M,28008,M237859287,28009,es_fashion,25.25,0
2,C803771909,2,M,28007,M214257751,28008,es_home,48.65,0
0,C849621470,1,F,28010,M645119047,28010,es_food,99.16,0
37,C203848421,1,M,28007,M357109965,28009,es_home,149.31,0
35,C335493870,3,F,28009,M906248900,28008,es_food,7.95,0
25,C528853029,1,F,28008,M313579170,28007,es_health,130.58,0
4,C437882805,3,F,28007,M220117054,28009,es_health,33.88,0
36,C692749116,4,F,28010,M315984311,28008,es_wellnessandbeauty,14.94,0
49,C345938494,4,M,28010,M168212356,28009,es_transportation,30.73,0
24,C966647391,2,F,28010,M645119047,28007,es_home,195.68,0
16,C184611066,3,M,28010,M610330567,28009,es_transportation,33.92,0
35,C331191390,4,F,28009,M676567501,28009,es_fashion,19.93,0
47,C209747451,4,M,28008,M679064766,28008,es_wellnessandbeauty,50.17,0
13,C883543540,2,M,28009,M668132202,28007,es_transportation,13.73,0
5,C709004943,1,M,28010,M771410971,28009,es_food,3.94,0
36,C719927151,4,M,28009,M645098869,28008,es_health,6.9,0
8,C193349856,4,F,28007,M120912992,28009,es_food,6.85,0
43,C266944844,4,M,28010,M872751234,28007,es_transportation,8.24,0
43,C469319644,4,M,28009,M214257751,28009,es_fashion,7.47,0
35,C774996843,2,F,28010,M976198296,28009,es_wellnessandbeauty,51.2,0
11,C870854579,4,M,28010,M384602384,28009,es_wellnessandbeauty,10.04,0
25,C306468299,4,M,28008,M709194872,28008,es_transportation,21.21,0
46,C488302652,2,F,28010,M222998994,28008,es_home,113.55,0
9,C438715135,1,M,28010,M624636385,28008,es_home,32.12,0
33,C384412919,3,F,28009,M465260635,28007,es_food,55.06,0
6,C553778756,1,M,28009,M100614068,28007,es_food,9.46,0
47,C782560971,3,F,28009,M162196678,28009,es_wellnessandbeauty,10.68,0
1,C596348124,1,F,28008,M709194872,28008,es_wellnessandbeauty,2.09,0
22,C398471886,4,F,28007,M420452650,28009,es_food,9.25,0
40,C914763202,2,F,28010,M916690353,28010,es_transportation,16.33,0
5,C553778756,3,M,28009,M872751234,28009,es_home,9.74,0
17,C673528321,3,F,28009,M910959828,28010,es_food,4.64,0
10,C461415646,1,M,28008,M237859287,28009,es_home,6.43,0
44,C349817734,2,M,28010,M740389325,28007,es_transportation,30.88,0
30,C702764446,1,M,28010,M992994062,28007,es_transportation,11.55,0
16,C271432881,1,F,28009,M386501362,28008,es_home,22.65,0
18,C448195935,2,M,28008,M197613238,28007,es_home,35.0,0
22,C398471886,4,F,28009,M357109965,28010,es_fashion,58.62,0
44,C364814270,2,F,28010,M992994062,28009,es_wellnessandbeauty,2.01,0
30,C364814270,2,M,28010,M875340444,28009,es_food,80.32,0
16,C271432881,3,M,28007,M489747629,28008,es_wellnessandbeauty,49.43,0
18,C964411347,1,F,28010,M103484630,28007,es_food,4.26,0
18,C593303705,1,F,28008,M313579170,28010,es_food,103.41,0
15,C553778756,4,F,28008,M219778234,28007,es_food,126.83,0
40,C234031070,3,F,28009,M313579170,28008,es_transportation,3.15,0
11,C398704996,3,M,28010,M174316370,28010,es_wellnessandbeauty,16.21,0
44,C326541099,2,F,28007,M668132202,28007,es_health,82.05,0
1,C461415646,1,F,28009,M509760584,28010,es_home,68.97,0
0,C593303705,1,M,28007,M624636385,28008,es_wellnessandbeauty,10.2,0
26,C185675980,4,F,28010,M384602384,28007,es_wellnessandbeauty,11.74,0
5,C914763202,1,F,28010,M271779360,28010,es_fashion,23.14,0
12,C692749116,4,M,28007,M315984311,28008,es_food,33.13,0
49,C448195935,2,M,28008,M936043811,28007,es_health,48.15,0
42,C469319644,4,F,28009,M382811832,28008,es_home,23.02,0
46,C826600539,1,F,28010,M671988889,28009,es_fashion,31.04,0
23,C193349856,2,M,28008,M671988889,28010,es_wellnessandbeauty,68.81,0
0,C465341213,3,M,28010,M788227492,28007,es_transportation,1.87,0
37,C438715135,2,F,28007,M788227492,28008,es_food,14.55,0
5,C995619255,1,M,28009,M922308461,28008,es_home,62.47,0
34,C797808098,2,F,28008,M872751234,28009,es_food,112.79,0
46,C199585092,1,F,28009,M554340903,28008,es_wellnessandbeauty,35.84,0
2,C171069472,4,F,28010,M873869166,28008,es_health,37.98,0
22,C508157429,4,F,28008,M773715057,28008,es_food,5.67,0
18,C774996843,3,F,28007,M865523129,28010,es_home,29.66,0
11,C395310485,3,M,28009,M554340903,28007,es_home,38.03,0
34,C781802744,2,F,28008,M976198296,28009,es_wellnessandbeauty,13.88,0
26,C508157429,1,M,28007,M150590821,28008,es_fashion,15.68,0
2,C203848421,1,F,28008,M553290810,28007,es_health,23.68,0
41,C781802744,4,F,28007,M214257751,28008,es_health,1.01,0
45,C200604502,1,M,28010,M950488739,28010,es_home,19.44,0
3,C819595113,4,F,28007,M976198296,28009,es_health,11.88,0
2,C200604502,3,M,28008,M489747629,28007,es_transportation,19.84,0
46,C593303705,4,M,28008,M992994062,28008,es_health,6.38,0
40,C331191390,4,M,28009,M610330567,28010,es_home,110.6,0
42,C838908273,1,M,28008,M357109965,28010,es_health,45.02,0
21,C849621470,4,F,28009,M357109965,28009,es_wellnessandbeauty,56.83,0
26,C698020238,3,M,28008,M420452650,28009,es_wellnessandbeauty,77.84,0
28,C924970419,4,M,28007,M269820594,28007,es_health,34.5,0
8,C930075810,1,F,28008,M676567501,28009,es_transportation,4.55,0
49,C719927151,2,M,28007,M936043811,28009,es_fashion,38.51,0
8,C774996843,3,M,28008,M465260635,28009,es_transportation,44.2,0
36,C882893941,2,M,28009,M743111853,28008,es_food,68.41,0
44,C528853029,1,F,28007,M327416584,28010,es_transportation,28.25,0
49,C734036506,3,F,28010,M264109919,28007,es_fashion,6.82,0
47,C126855092,4,M,28009,M992994062,28007,es_wellnessandbeauty,16.69,0
34,C727694430,2,F,28008,M668132202,28007,es_home,22.56,0
46,C283758720,4,M,28008,M918739736,28009,es_food,51.91,0
9,C732719211,3,M,28010,M709194872,28007,es_health,42.29,0
25,C774996843,1,F,28010,M865523129,28008,es_fashion,22.01,0
30,C902099969,2,F,28010,M235034324,28008,es_health,215.31,0
39,C592688426,2,M,28007,M415143362,28010,es_wellnessandbeauty,46.54,0
43,C528853029,1,M,28010,M501486939,28009,es_wellnessandbeauty,13.54,0
12,C508157429,3,M,28009,M694021782,28009,es_health,5.37,0
28,C914763202,4,M,28008,M222998994,28009,es_fashion,8.29,0
48,C642621108,1,M,28008,M174316370,28008,es_wellnessandbeauty,14.12,0
0,C491735568,1,F,28010,M100614068,28007,es_wellnessandbeauty,8.76,0
13,C249926919,2,M,28009,M357109965,28010,es_health,10.32,0
46,C106977991,1,F,28007,M465260635,28008,es_transportation,16.78,0
18,C203848421,3,M,28010,M235034324,28007,es_transportation,9.52,0
24,C488302652,3,M,28007,M587182120,28010,es_fashion,113.54,0
24,C803771909,1,F,28010,M885879795,28007,es_fashion,4.18,0
12,C437882805,4,M,28007,M788227492,28009,es_wellnessandbeauty,37.17,0
31,C283758720,2,M,28009,M690347116,28009,es_wellnessandbeauty,26.42,0
40,C930075810,2,F,28007,M916690353,28009,es_food,201.93,0
1,C382116655,3,M,28008,M918150683,28010,es_home,5.94,0
8,C746412689,4,M,28010,M925276600,28008,es_food,25.36,0
19,C586845604,4,M,28008,M235034324,28008,es_health,174.45,0
34,C203848421,2,F,28008,M918739736,28008,es_home,100.31,0
36,C849621470,3,M,28007,M830448745,28009,es_fashion,84.93,0
46,C249827706,3,F,28010,M103484630,28010,es_home,14.91,0
40,C719927151,2,M,28007,M509760584,28008,es_transportation,9.37,0
48,C764130526,2,M,28008,M690347116,28007,es_wellnessandbeauty,55.23,0
5,C530747414,2,F,28009,M830448745,28010,es_food,132.52,0
30,C969119330,2,M,28008,M911514914,28010,es_transportation,40.68,0
17,C596348124,2,M,28008,M773715057,28008,es_food,42.39,0
39,C326541099,3,F,28008,M501486939,28010,es_transportation,16.42,0
38,C176667861,3,F,28007,M489747629,28007,es_food,73.37,0
29,C826600539,2,F,28007,M162196678,28010,es_health,10.35,0
48,C685582861,2,F,28010,M645098869,28009,es_wellnessandbeauty,19.55,0
29,C465341213,4,F,28007,M277303722,28008,es_food,27.71,0
41,C933223566,1,M,28008,M865523129,28008,es_food,35.42,0
26,C508157429,4,M,28008,M936043811,28008,es_food,13.88,0
5,C692749116,3,M,28007,M830661141,28007,es_home,6.1,0
28,C819595113,1,F,28008,M420452650,28010,es_transportation,47.16,0
49,C398362082,3,M,28008,M602564736,28008,es_home,17.03,0
3,C389854268,3,F,28010,M269820594,28008,es_transportation,43.52,0
8,C203848421,1,F,28007,M936043811,28010,es_food,8.38,0
34,C219540831,4,M,28008,M191969690,28010,es_food,32.81,0
26,C448195935,1,M,28008,M357109965,28009,es_health,38.03,0
40,C382116655,2,M,28008,M602564736,28007,es_home,2.66,0
22,C210053353,2,M,28009,M637500247,28007,es_transportation,20.52,0
6,C507437181,2,M,28009,M976198296,28008,es_food,7.22,0
47,C488690725,3,M,28007,M315984311,28009,es_wellnessandbeauty,3.27,0
23,C176667861,1,F,28007,M587182120,28010,es_fashion,230.06,0
7,C719927151,3,F,28008,M384602384,28008,es_health,19.46,0
3,C797808098,1,F,28009,M501486939,28009,es_wellnessandbeauty,83.0,0
33,C528853029,3,M,28010,M489747629,28010,es_food,14.69,0
11,C593303705,3,M,28007,M513140753,28007,es_food,57.21,0
40,C550455977,2,F,28010,M150590821,28009,es_wellnessandbeauty,71.4,0
35,C748245888,1,M,28009,M465260635,28007,es_wellnessandbeauty,45.27,0
19,C328306011,3,M,28007,M690347116,28009,es_wellnessandbeauty,31.89,0
25,C560027313,1,M,28008,M637500247,28009,es_home,26.54,0
30,C438715135,1,M,28010,M668132202,28010,es_health,21.45,0
21,C982403818,4,M,28009,M358633898,28009,es_health,132.63,0
34,C395310485,2,F,28009,M773715057,28008,es_wellnessandbeauty,88.78,0
1,C995619255,4,M,28010,M830448745,28007,es_wellnessandbeauty,167.66,0
45,C349957310,1,F,28010,M830661141,28010,es_fashion,6.64,0
23,C933223566,3,M,28009,M112327652,28007,es_wellnessandbeauty,65.63,0
2,C203848421,1,F,28007,M743111853,28008,es_fashion,139.31,0
21,C387484583,3,F,28008,M315984311,28007,es_health,10.0,0
43,C732719211,2,M,28010,M786066793,28007,es_transportation,3.44,0
19,C895285932,1,F,28010,M150590821,28007,es_health,67.57,0
49,C185675980,1,F,28008,M382811832,28008,es_fashion,42.72,0
18,C719927151,3,F,28007,M415143362,28008,es_fashion,92.2,0
17,C685126461,1,M,28008,M430190783,28009,es_health,7.53,0
20,C488302652,2,F,28008,M694021782,28007,es_wellnessandbeauty,79.3,0
39,C995619255,4,M,28008,M197613238,28010,es_home,11.26,0
3,C797808098,4,M,28007,M501486939,28010,es_fashion,8.94,0
45,C924970419,3,F,28009,M222998994,28007,es_food,8.97,0
36,C732719211,1,F,28007,M936043811,28009,es_home,84.26,0
41,C134467368,4,M,28008,M602564736,28009,es_wellnessandbeauty,54.71,0
25,C919795579,3,F,28010,M448059918,28007,es_transportation,37.02,0
30,C853041955,3,F,28010,M694021782,28009,es_wellnessandbeauty,22.22,0
38,C528853029,2,M,28010,M751325257,28007,es_wellnessandbeauty,104.86,0
35,C200604502,3,F,28010,M191969690,28010,es_fashion,24.92,0
39,C506448196,2,F,28010,M773715057,28009,es_fashion,84.8,0
44,C698020238,4,F,28008,M112327652,28007,es_home,28.91,0
45,C726563708,4,M,28010,M382811832,28007,es_food,23.66,0
11,C410727955,4,M,28007,M690347116,28010,es_wellnessandbeauty,31.06,0
31,C553035110,1,M,28008,M184564737,28007,es_fashion,17.93,0
42,C965241839,4,F,28010,M976198296,28010,es_fashion,68.84,0
13,C208449460,3,F,28010,M751325257,28009,es_transportation,34.93,0
37,C126855092,4,M,28009,M264112119,28009,es_health,13.21,0
3,C786579303,3,M,28009,M197613238,28008,es_food,114.92,0
44,C283758720,3,F,28010,M420452650,28010,es_health,24.22,0
13,C266944844,4,M,28008,M162196678,28010,es_wellnessandbeauty,39.21,0
26,C271432881,3,M,28008,M647099690,28007,es_home,118.47,0
1,C106977991,4,F,28008,M950488739,28008,es_home,48.94,0
26,C160062915,4,M,28010,M220117054,28010,es_health,6.22,0
28,C754049436,3,M,28008,M501486939,28007,es_health,140.53,0
31,C675770529,3,F,28009,M911514914,28007,es_health,49.4,0
30,C853573823,1,F,28007,M602564736,28009,es_food,20.39,0
33,C349817734,1,M,28010,M916690353,28007,es_home,7.5,0
40,C364814270,3,M,28009,M966267851,28007,es_food,79.0,0
29,C636045484,4,F,28010,M645119047,28009,es_wellnessandbeauty,48.39,0
10,C210053353,3,F,28007,M916690353,28010,es_health,38.12,0
10,C726563708,1,F,28007,M269820594,28010,es_transportation,112.17,0
8,C328306011,1,F,28009,M509760584,28009,es_wellnessandbeauty,77.7,0
16,C896233790,1,M,28008,M237859287,28010,es_wellnessandbeauty,8.22,0
11,C990566476,2,F,28008,M992994062,28007,es_wellnessandbeauty,18.68,0
5,C914763202,2,F,28010,M315984311,28010,es_fashion,14.28,0
42,C835098955,2,M,28009,M217734861,28009,es_transportation,68.12,0
3,C465341213,4,F,28010,M103484630,28010,es_home,1.71,0
48,C384412919,2,F,28010,M100614068,28009,es_fashion,42.19,0
33,C335809993,1,F,28010,M420452650,28009,es_health,71.87,0
43,C826600539,1,F,28010,M976198296,28009,es_wellnessandbeauty,104.68,0
17,C764130526,1,F,28010,M669462919,28008,es_home,20.93,0
43,C199585092,3,M,28009,M357109965,28007,es_home,86.09,0
0,C131994523,1,F,28007,M992994062,28007,es_home,5.86,0
28,C497478786,2,F,28009,M873869166,28007,es_transportation,93.69,0
39,C128492780,1,M,28007,M666585408,28007,es_transportation,6.82,0
38,C732719211,4,M,28007,M384602384,28008,es_wellnessandbeauty,25.32,0
18,C134467368,1,F,28009,M315984311,28010,es_home,79.8,0
42,C508157429,3,M,28007,M566825638,28007,es_food,8.12,0
24,C782560971,1,F,28009,M112327652,28010,es_transportation,13.02,0
31,C203848421,4,M,28010,M740389325,28008,es_health,64.05,0
49,C698020238,2,M,28010,M751325257,28009,es_transportation,63.65,0
2,C200604502,1,F,28010,M629908599,28010,es_fashion,51.24,0
41,C786579303,1,F,28009,M668132202,28009,es_food,59.2,0
36,C786579303,4,F,28010,M753876785,28007,es_health,39.12,0
14,C786579303,4,F,28007,M358633898,28009,es_wellnessandbeauty,14.5,0
43,C930075810,4,M,28007,M214257751,28009,es_transportation,21.21,0
29,C149203558,2,M,28007,M786066793,28008,es_wellnessandbeauty,10.02,0
44,C781802744,1,F,28010,M950488739,28010,es_home,119.54,0
12,C969119330,1,M,28007,M554340903,28008,es_food,43.78,0
24,C134126396,3,F,28010,M629908599,28007,es_wellnessandbeauty,25.61,0
3,C995619255,1,F,28007,M676567501,28010,es_home,31.0,0
34,C965241839,2,M,28007,M679064766,28008,es_food,147.14,0
41,C395310485,4,M,28008,M384602384,28008,es_transportation,8.32,0
11,C685582861,3,M,28010,M976198296,28008,es_health,44.12,0
4,C797808098,1,F,28008,M773715057,28008,es_food,35.25,0
21,C882893941,3,M,28008,M382811832,28008,es_transportation,47.27,0
37,C266944844,3,M,28007,M566825638,28008,es_food,0.91,0
10,C853573823,2,F,28008,M184564737,28007,es_fashion,102.83,0
6,C795822698,2,M,28010,M950488739,28007,es_transportation,134.5,0
11,C746412689,3,F,28010,M277303722,28008,es_fashion,41.64,0
9,C488302652,4,F,28008,M112327652,28007,es_health,59.64,0
11,C870854579,1,F,28009,M264109919,28007,es_health,127.87,0
15,C199585092,1,M,28009,M840739735,28008,es_food,61.42,0
49,C469319644,3,M,28008,M168212356,28008,es_home,8.28,0
30,C870854579,2,M,28007,M217734861,28009,es_wellnessandbeauty,42.94,0
13,C335809993,3,F,28010,M150590821,28007,es_home,46.66,0
3,C249926919,2,M,28007,M448059918,28007,es_transportation,27.59,0
15,C448195935,3,F,28008,M910959828,28009,es_fashion,66.67,0
49,C853041955,3,M,28007,M925276600,28010,es_fashion,136.18,0
24,C966647391,1,F,28010,M217734861,28010,es_fashion,129.89,0
13,C160062915,2,F,28009,M739830322,28010,es_home,29.97,0
12,C324956459,3,M,28009,M509760584,28007,es_home,6.01,0
36,C553035110,3,M,28007,M669462919,28010,es_food,209.46,0
10,C491735568,2,F,28008,M671988889,28008,es_health,91.29,0
35,C883543540,1,F,28010,M676567501,28010,es_food,6.66,0
17,C896233790,4,M,28008,M382811832,28010,es_health,126.82,0
14,C965241839,1,F,28007,M150590821,28010,es_home,101.97,0
49,C328306011,1,F,28010,M743111853,28007,es_food,36.58,0
31,C234031070,1,M,28010,M676567501,28008,es_wellnessandbeauty,44.74,0
18,C234031070,1,M,28010,M808402051,28009,es_fashion,25.46,0
45,C345938494,1,F,28010,M315984311,28008,es_home,2.82,0
25,C461415646,3,F,28007,M916690353,28007,es_food,20.41,0
44,C782560971,1,F,28010,M883757514,28009,es_home,81.19,0
39,C364814270,2,M,28009,M679064766,28007,es_health,0.23,0
43,C386665249,1,M,28010,M214257751,28010,es_health,20.29,0
2,C386665249,3,M,28007,M162196678,28008,es_fashion,25.39,0
21,C234031070,1,F,28008,M883757514,28008,es_wellnessandbeauty,38.54,0
22,C764130526,4,F,28007,M773715057,28009,es_wellnessandbeauty,126.2,0
28,C171069472,1,F,28009,M679153816,28009,es_home,21.26,0
44,C134126396,2,F,28007,M950488739,28010,es_fashion,21.31,0
18,C334760738,1,M,28009,M168212356,28008,es_food,66.88,0
9,C485451171,1,F,28010,M690347116,28008,es_food,30.09,0
22,C389854268,4,M,28009,M873869166,28007,es_transportation,12.72,0
14,C790256940,3,F,28009,M235034324,28009,es_food,30.11,0
37,C253407200,4,F,28009,M358633898,28008,es_wellnessandbeauty,7.59,0
10,C990566476,2,F,28009,M269820594,28007,es_fashion,9.7,0
22,C856528252,4,M,28008,M751325257,28009,es_fashion,34.49,0
11,C271432881,2,M,28007,M150590821,28009,es_health,27.14,0
8,C835098955,3,F,28008,M831980933,28007,es_home,123.16,0
20,C274648506,2,F,28010,M430190783,28008,es_health,22.5,0
19,C336696312,1,F,28010,M315984311,28008,es_food,43.45,0
20,C271432881,1,F,28009,M100614068,28009,es_health,50.02,0
42,C914763202,4,F,28007,M327416584,28010,es_transportation,0.66,0
8,C678722458,1,F,28007,M753876785,28008,es_food,54.46,0
22,C128492780,3,M,28008,M184564737,28008,es_wellnessandbeauty,9.8,0
12,C362950628,1,F,28007,M220117054,28010,es_fashion,162.3,0
31,C208449460,1,F,28010,M602564736,28010,es_wellnessandbeauty,8.05,0
24,C833953718,1,F,28009,M291825997,28009,es_food,26.78,0
35,C746412689,2,F,28010,M273461957,28009,es_fashion,4.46,0
46,C787194506,4,M,28007,M602564736,28008,es_wellnessandbeauty,288.4,0
30,C592688426,3,M,28010,M830661141,28007,es_food,34.88,0
40,C488302652,4,M,28010,M666585408,28008,es_fashion,45.24,0
11,C176667861,3,F,28007,M103484630,28009,es_food,3.47,0
35,C982403818,2,M,28007,M668132202,28009,es_wellnessandbeauty,69.31,0
40,C964411347,1,F,28010,M112327652,28010,es_home,11.78,0
41,C506448196,1,M,28009,M624636385,28007,es_health,114.17,0
47,C819595113,4,F,28009,M916690353,28010,es_home,11.48,0
7,C833953718,1,F,28008,M184564737,28007,es_fashion,10.58,0
20,C982403818,2,F,28008,M217734861,28009,es_wellnessandbeauty,1.86,0
26,C324956459,1,F,28009,M992994062,28007,es_health,31.94,0
12,C919795579,1,M,28009,M872751234,28009,es_wellnessandbeauty,41.6,0
43,C819595113,1,F,28008,M647099690,28008,es_health,3.4,0
18,C833953718,4,F,28009,M369953851,28007,es_fashion,74.7,0
9,C437882805,2,M,28007,M264109919,28010,es_transportation,30.19,0
7,C732719211,1,F,28009,M875340444,28009,es_fashion,37.16,0
28,C790256940,3,M,28009,M197613238,28007,es_fashion,29.06,0
8,C106977991,2,F,28008,M831980933,28008,es_transportation,25.6,0
27,C853041955,1,M,28010,M883757514,28010,es_transportation,41.01,0
12,C797808098,1,M,28010,M513140753,28009,es_transportation,8.44,0
4,C930075810,1,M,28007,M621828280,28008,es_health,10.04,0
12,C461415646,3,M,28007,M602564736,28009,es_health,98.95,0
22,C481469012,2,M,28007,M553290810,28007,es_health,146.05,0
13,C199585092,3,M,28007,M554340903,28007,es_fashion,23.37,0
32,C438715135,3,M,28010,M610330567,28007,es_fashion,15.79,0
22,C176667861,4,M,28008,M313579170,28007,es_wellnessandbeauty,51.64,0
7,C134467368,1,M,28010,M840739735,28009,es_home,26.27,0
18,C382116655,1,M,28009,M624636385,28007,es_food,1.29,0
18,C160062915,3,F,28008,M357109965,28010,es_wellnessandbeauty,8.49,0
27,C209747451,1,F,28009,M112327652,28007,es_home,62.93,0
31,C868820204,4,F,28007,M513140753,28008,es_food,53.78,0
25,C868820204,2,M,28009,M222998994,28009,es_fashion,1.37,0
38,C362863730,1,M,28010,M554340903,28010,es_wellnessandbeauty,12.55,0
48,C488690725,3,F,28009,M100614068,28010,es_food,13.14,0
32,C306468299,2,F,28007,M513140753,28009,es_food,55.72,0
31,C593303705,2,M,28007,M679064766,28007,es_transportation,1.0,0
31,C339670711,2,F,28009,M668132202,28009,es_health,5.5,0
39,C702632297,1,F,28010,M222998994,28009,es_home,80.45,0
31,C326541099,3,F,28007,M840739735,28007,es_food,9.83,0
7,C754049436,4,F,28010,M273461957,28010,es_transportation,52.88,0
2,C331191390,3,M,28010,M918739736,28008,es_wellnessandbeauty,13.6,0
45,C781802744,4,M,28010,M237859287,28010,es_food,5.24,0
35,C849621470,1,F,28009,M624636385,28010,es_health,13.93,0
43,C481469012,3,F,28007,M197613238,28007,es_fashion,64.05,0
23,C497478786,1,F,28010,M553290810,28010,es_wellnessandbeauty,96.79,0
22,C596348124,3,M,28008,M788227492,28008,es_home,88.66,0
19,C642621108,1,F,28007,M918150683,28008,es_transportation,25.31,0
34,C398471886,1,F,28010,M358633898,28010,es_wellnessandbeauty,55.14,0
1,C964411347,1,F,28010,M709194872,28010,es_wellnessandbeauty,11.47,0
36,C313500298,4,M,28008,M918150683,28010,es_health,17.35,0
48,C995619255,2,F,28009,M918739736,28008,es_food,113.33,0
40,C334760738,2,F,28009,M217734861,28009,es_health,0.65,0
25,C146654552,1,M,28009,M415143362,28007,es_health,4.47,0
33,C438715135,4,M,28009,M271779360,28009,es_health,11.65,0
19,C698020238,3,M,28010,M753876785,28009,es_health,1.34,0
32,C160062915,2,M,28008,M709194872,28010,es_fashion,10.01,0
42,C134467368,3,F,28007,M489747629,28008,es_wellnessandbeauty,43.74,0
29,C914763202,2,M,28009,M918739736,28010,es_wellnessandbeauty,27.36,0
4,C485451171,4,F,28009,M922308461,28008,es_wellnessandbeauty,111.59,0
43,C675770529,4,M,28007,M668132202,28008,es_transportation,85.03,0
15,C185675980,4,F,28010,M501486939,28007,es_fashion,20.91,0
10,C488302652,2,M,28009,M566825638,28008,es_home,15.02,0
2,C171069472,1,M,28007,M872751234,28009,es_transportation,23.88,0
26,C386665249,1,F,28008,M925276600,28007,es_health,44.62,0
47,C437882805,1,F,28010,M830661141,28008,es_health,15.6,0
7,C349957310,3,F,28008,M501486939,28008,es_fashion,48.93,0
6,C266944844,2,F,28010,M313579170,28009,es_health,26.33,0
3,C326541099,3,M,28009,M430190783,28010,es_food,40.15,0
43,C184611066,3,M,28009,M100614068,28009,es_wellnessandbeauty,28.65,0
1,C890779946,1,M,28009,M357109965,28010,es_wellnessandbeauty,17.44,0
40,C819595113,1,M,28010,M786066793,28007,es_food,148.26,0
16,C930075810,1,M,28009,M831980933,28008,es_food,72.11,0
40,C208449460,4,M,28009,M950488739,28010,es_food,7.55,0
47,C596348124,3,F,28007,M369953851,28009,es_health,101.43,0
4,C481469012,4,F,28010,M277303722,28007,es_transportation,33.42,0
41,C461415646,4,M,28007,M753876785,28008,es_home,112.48,0
19,C349957310,1,M,28008,M788227492,28008,es_health,80.44,0
43,C596348124,3,F,28010,M679064766,28008,es_wellnessandbeauty,27.69,0
11,C398471886,3,M,28007,M264109919,28009,es_fashion,1.14,0
25,C795822698,2,M,28007,M162196678,28008,es_transportation,15.65,0
29,C507943839,3,M,28007,M753876785,28010,es_health,39.0,0
16,C965241839,1,F,28008,M358633898,28007,es_transportation,50.18,0
45,C592688426,4,F,28010,M513140753,28008,es_home,14.91,0
13,C209747451,3,F,28010,M420452650,28008,es_food,7.5,0
13,C384027113,3,M,28010,M830448745,28010,es_fashion,90.07,0
1,C149203558,3,M,28010,M788227492,28009,es_health,208.03,0
43,C345938494,1,M,28010,M739830322,28009,es_home,37.29,0
25,C748245888,4,F,28009,M271779360,28007,es_health,9.42,0
3,C193349856,3,M,28010,M645119047,28007,es_transportation,15.89,0
16,C328306011,4,F,28010,M808402051,28009,es_fashion,0.93,0
35,C826600539,2,F,28008,M120912992,28010,es_wellnessandbeauty,122.84,0
29,C732719211,1,F,28010,M602564736,28009,es_transportation,6.26,0
20,C895285932,2,F,28009,M910959828,28009,es_food,42.96,0
18,C774996843,3,F,28010,M694021782,28009,es_home,16.01,0
31,C965241839,4,M,28008,M668132202,28007,es_fashion,40.39,0
11,C210053353,4,F,28008,M666585408,28010,es_food,52.69,0
7,C709004943,1,F,28009,M666585408,28010,es_food,88.52,0
31,C853041955,2,M,28009,M830661141,28008,es_wellnessandbeauty,11.56,0
11,C398362082,3,M,28007,M992994062,28008,es_food,0.55,0
4,C184611066,4,M,28009,M197613238,28009,es_home,7.36,0
43,C336696312,4,F,28007,M382811832,28008,es_transportation,115.14,0
5,C345938494,4,F,28009,M885879795,28007,es_wellnessandbeauty,103.53,0
2,C933223566,3,M,28008,M217734861,28009,es_wellnessandbeauty,45.49,0
3,C200604502,4,M,28010,M465260635,28008,es_fashion,45.88,0
49,C882893941,1,M,28008,M369953851,28010,es_food,54.69,0
18,C271432881,1,F,28010,M918739736,28009,es_home,9.64,0
38,C732719211,3,M,28009,M220117054,28008,es_food,122.91,0
28,C781802744,4,F,28010,M830661141,28010,es_wellnessandbeauty,27.13,0
39,C461415646,4,F,28007,M150590821,28009,es_food,24.16,0
43,C146654552,2,F,28007,M587182120,28010,es_food,36.59,0
5,C530747414,3,M,28008,M690347116,28009,es_fashion,2.41,0
33,C838908273,3,M,28007,M150590821,28007,es_health,9.09,0
27,C596348124,1,F,28009,M645119047,28009,es_health,66.98,0
5,C437882805,1,M,28010,M112327652,28008,es_food,4.32,0
2,C642621108,4,F,28009,M191969690,28010,es_home,46.21,0
28,C774996843,3,M,28008,M830448745,28007,es_home,14.08,0
38,C990566476,1,F,28007,M248532577,28010,es_transportation,24.66,0
0,C398362082,4,F,28010,M237859287,28010,es_wellnessandbeauty,17.03,0
39,C819595113,4,F,28007,M509760584,28008,es_transportation,21.98,0
12,C853041955,1,M,28007,M831980933,28010,es_home,63.48,0
9,C234031070,4,M,28007,M103484630,28010,es_fashion,17.63,0
30,C787194506,1,M,28008,M668132202,28010,es_food,41.78,0
30,C362950628,4,M,28008,M587182120,28010,es_transportation,32.32,0
21,C126855092,1,F,28010,M624636385,28009,es_transportation,54.48,0
31,C882893941,4,F,28008,M751325257,28007,es_health,138.1,0
1,C787194506,3,M,28009,M922308461,28010,es_food,65.95,0
7,C709004943,3,F,28010,M629908599,28008,es_wellnessandbeauty,12.1,0
46,C199585092,4,F,28010,M386501362,28008,es_health,1.58,0
43,C995619255,4,M,28009,M554340903,28010,es_food,15.21,0
43,C819595113,4,M,28008,M269820594,28007,es_home,45.2,0
30,C732719211,2,M,28008,M621828280,28010,es_transportation,2.64,0
26,C709004943,3,M,28008,M162196678,28007,es_transportation,34.3,0
22,C990566476,3,M,28008,M120912992,28007,es_transportation,45.42,0
21,C698020238,1,M,28007,M162196678,28008,es_food,20.34,0
16,C491735568,3,M,28009,M668132202,28007,es_home,73.68,0
3,C835098955,4,M,28007,M976198296,28007,es_health,5.64,0
2,C328306011,1,M,28007,M831980933,28009,es_fashion,3.91,0
46,C149203558,4,F,28007,M668132202,28009,es_wellnessandbeauty,65.13,0
8,C336696312,2,F,28010,M315984311,28007,es_fashion,34.21,0
30,C491735568,3,M,28007,M415143362,28009,es_home,58.3,0
48,C507437181,3,M,28008,M883757514,28010,es_fashion,28.53,0
8,C838908273,4,F,28010,M489747629,28009,es_transportation,14.14,0
28,C914763202,1,M,28007,M918150683,28009,es_food,85.49,0
49,C465341213,4,M,28010,M840739735,28007,es_home,80.33,0
41,C965241839,1,F,28010,M753876785,28009,es_home,59.32,0
47,C349957310,3,M,28009,M992994062,28008,es_home,15.88,0
25,C924970419,2,F,28009,M235034324,28010,es_fashion,44.61,0
19,C642621108,1,F,28010,M554340903,28008,es_health,22.39,0
34,C856528252,2,M,28009,M489747629,28009,es_home,4.8,0
10,C362950628,1,F,28008,M865523129,28009,es_home,124.63,0
27,C328306011,1,M,28009,M219778234,28009,es_transportation,7.36,0
3,C336696312,4,F,28007,M936043811,28009,es_fashion,150.02,0
47,C488690725,2,F,28009,M269820594,28008,es_home,29.53,0
24,CYCLE1,2,M,28007,CYCLE2,28007,es_food,20.0,0
33,CYCLE2,2,F,28007,CYCLE3,28007,es_food,20.0,0
47,CYCLE3,3,M,28007,CYCLE1,28007,es_food,20.0,0
15,CYCLE1,2,M,28007,CYCLE2,28007,es_food,20.0,0
6,CYCLE2,2,F,28007,CYCLE3,28007,es_food,20.0,0
20,CYCLE3,3,M,28007,CYCLE1,28007,es_food,20.0,0
33,CYCLE1,2,M,28007,CYCLE2,28007,es_food,20.0,0
37,CYCLE2,2,F,28007,CYCLE3,28007,es_food,20.0,0
12,CYCLE3,3,M,28007,CYCLE1,28007,es_food,20.0,0
49,CYCLE1,2,M,28007,CYCLE2,28007,es_food,20.0,0
23,CYCLE2,2,F,28007,CYCLE3,28007,es_food,20.0,0
29,CYCLE3,3,M,28007,CYCLE1,28007,es_food,20.0,0
6,CYCLE1,2,M,28007,CYCLE2,28007,es_food,20.0,0
9,CYCLE2,2,F,28007,CYCLE3,28007,es_food,20.0,0
45,CYCLE3,3,M,28007,CYCLE1,28007,es_food,20.0,0
27,CYCLE1,2,M,28007,CYCLE2,28007,es_food,20.0,0
26,CYCLE2,2,F,28007,CYCLE3,28007,es_food,20.0,0
5,CYCLE3,3,M,28007,CYCLE1,28007,es_food,20.0,0
5,CYCLE1,2,M,28007,CYCLE2,28007,es_food,20.0,0
3,CYCLE2,2,F,28007,CYCLE3,28007,es_food,20.0,0
27,CYCLE3,3,M,28007,CYCLE1,28007,es_food,20.0,0
8,CYCLE1,2,M,28007,CYCLE2,28007,es_food,20.0,0
30,CYCLE2,2,F,28007,CYCLE3,28007,es_food,20.0,0
13,CYCLE3,3,M,28007,CYCLE1,28007,es_food,20.0,0
28,CYCLE1,2,M,28007,CYCLE2,28007,es_food,20.0,0
4,CYCLE2,2,F,28007,CYCLE3,28007,es_food,20.0,0
23,CYCLE3,3,M,28007,CYCLE1,28007,es_food,20.0,0
43,CYCLE1,2,M,28007,CYCLE2,28007,es_food,20.0,0
33,CYCLE2,2,F,28007,CYCLE3,28007,es_food,20.0,0
25,CYCLE3,3,M,28007,CYCLE1,28007,es_food,20.0,0
37,C_SUPERSENDER,2,M,28008,M700187804,28008,es_home,15.0,0
33,C_SUPERSENDER,2,M,28008,M936256672,28008,es_home,16.0,0
25,C_SUPERSENDER,2,M,28008,M383138961,28008,es_home,17.0,0
37,C_SUPERSENDER,2,M,28008,M635611738,28008,es_home,18.0,0
40,C_SUPERSENDER,2,M,28008,M554646119,28008,es_home,19.0,0
28,C_SUPERSENDER,2,M,28008,M839827290,28008,es_home,20.0,0
31,C_SUPERSENDER,2,M,28008,M885675101,28008,es_home,21.0,0
26,C_SUPERSENDER,2,M,28008,M984561220,28008,es_home,22.0,0
10,C_SUPERSENDER,2,M,28008,M254990533,28008,es_home,23.0,0
32,C_SUPERSENDER,2,M,28008,M236498330,28008,es_home,24.0,0
31,C_SUPERSENDER,2,M,28008,M863592104,28008,es_home,25.0,0
29,C_SUPERSENDER,2,M,28008,M238926282,28008,es_home,26.0,0
45,C_SUPERSENDER,2,M,28008,M651028717,28008,es_home,27.0,0
33,C_SUPERSENDER,2,M,28008,M226763976,28008,es_home,28.0,0
44,C_SUPERSENDER,2,M,28008,M328323191,28008,es_home,29.0,0
29,C_SUPERSENDER,2,M,28008,M608261670,28008,es_home,30.0,0
2,C_SUPERSENDER,2,M,28008,M901544309,28008,es_home,31.0,0
10,C_SUPERSENDER,2,M,28008,M700250339,28008,es_home,32.0,0
23,C_SUPERSENDER,2,M,28008,M227524085,28008,es_home,33.0,0
38,C_SUPERSENDER,2,M,28008,M538752236,28008,es_home,34.0,0
7,C_SUPERSENDER,2,M,28008,M229779337,28008,es_home,35.0,0
23,C_SUPERSENDER,2,M,28008,M713927729,28008,es_home,36.0,0
18,C_SUPERSENDER,2,M,28008,M143252622,28008,es_home,37.0,0
33,C_SUPERSENDER,2,M,28008,M264609469,28008,es_home,38.0,0
7,C_SUPERSENDER,2,M,28008,M498860032,28008,es_home,39.0,0
19,C0_RANDOM,2,F,28009,M_SUPERRECEIVER,28009,es_health,10.0,0
23,C1_RANDOM,2,F,28009,M_SUPERRECEIVER,28009,es_health,11.0,0
19,C2_RANDOM,2,F,28009,M_SUPERRECEIVER,28009,es_health,12.0,0
18,C3_RANDOM,2,F,28009,M_SUPERRECEIVER,28009,es_health,13.0,0
31,C4_RANDOM,2,F,28009,M_SUPERRECEIVER,28009,es_health,14.0,0
1,C5_RANDOM,2,F,28009,M_SUPERRECEIVER,28009,es_health,15.0,0
9,C6_RANDOM,2,F,28009,M_SUPERRECEIVER,28009,es_health,16.0,0
9,C7_RANDOM,2,F,28009,M_SUPERRECEIVER,28009,es_health,17.0,0
37,C8_RANDOM,2,F,28009,M_SUPERRECEIVER,28009,es_health,18.0,0
26,C9_RANDOM,2,F,28009,M_SUPERRECEIVER,28009,es_health,19.0,0
3,C10_RANDOM,2,F,28009,M_SUPERRECEIVER,28009,es_health,20.0,0
19,C11_RANDOM,2,F,28009,M_SUPERRECEIVER,28009,es_health,21.0,0
18,C12_RANDOM,2,F,28009,M_SUPERRECEIVER,28009,es_health,22.0,0
13,C13_RANDOM,2,F,28009,M_SUPERRECEIVER,28009,es_health,23.0,0
11,C14_RANDOM,2,F,28009,M_SUPERRECEIVER,28009,es_health,24.0,0
47,C15_RANDOM,2,F,28009,M_SUPERRECEIVER,28009,es_health,25.0,0
31,C16_RANDOM,2,F,28009,M_SUPERRECEIVER,28009,es_health,26.0,0
0,C17_RANDOM,2,F,28009,M_SUPERRECEIVER,28009,es_health,27.0,0
7,C18_RANDOM,2,F,28009,M_SUPERRECEIVER,28009,es_health,28.0,0
35,C19_RANDOM,2,F,28009,M_SUPERRECEIVER,28009,es_health,29.0,0
22,C20_RANDOM,2,F,28009,M_SUPERRECEIVER,28009,es_health,30.0,0
4,C21_RANDOM,2,F,28009,M_SUPERRECEIVER,28009,es_health,31.0,0
2,C22_RANDOM,2,F,28009,M_SUPERRECEIVER,28009,es_health,32.0,0
26,C23_RANDOM,2,F,28009,M_SUPERRECEIVER,28009,es_health,33.0,0
30,C24_RANDOM,2,F,28009,M_SUPERRECEIVER,28009,es_health,34.0,0
36,C_HIGHVAL0,3,M,28010,M_HIGHVAL0,28010,es_fashion,25000.0,1
19,C_HIGHVAL1,3,M,28010,M_HIGHVAL1,28010,es_fashion,26000.0,1
36,C_HIGHVAL2,3,M,28010,M_HIGHVAL2,28010,es_fashion,27000.0,1
28,C_HIGHVAL3,3,M,28010,M_HIGHVAL3,28010,es_fashion,28000.0,1
21,C_HIGHVAL4,3,M,28010,M_HIGHVAL4,28010,es_fashion,29000.0,1
0,C_BURST,3,M,28007,M0_BURST,28007,es_transportation,18.5,0
0,C_BURST,3,M,28007,M1_BURST,28007,es_transportation,19.5,0
0,C_BURST,3,M,28007,M2_BURST,28007,es_transportation,20.5,0
0,C_BURST,3,M,28007,M3_BURST,28007,es_transportation,21.5,0
0,C_BURST,3,M,28007,M4_BURST,28007,es_transportation,22.5,0
0,C_BURST,3,M,28007,M5_BURST,28007,es_transportation,23.5,0
0,C_BURST,3,M,28007,M6_BURST,28007,es_transportation,24.5,0
0,C_BURST,3,M,28007,M7_BURST,28007,es_transportation,25.5,0
0,C_BURST,3,M,28007,M8_BURST,28007,es_transportation,26.5,0
0,C_BURST,3,M,28007,M9_BURST,28007,es_transportation,27.5,0
0,C_BURST,3,M,28007,M10_BURST,28007,es_transportation,28.5,0
0,C_BURST,3,M,28007,M11_BURST,28007,es_transportation,29.5,0
24,C_RECURRENT,2,F,28007,M_RECURRENT,28007,es_home,22.0,0
30,C_RECURRENT,2,F,28007,M_RECURRENT,28007,es_home,23.0,0
46,C_RECURRENT,2,F,28007,M_RECURRENT,28007,es_home,24.0,0
38,C_RECURRENT,2,F,28007,M_RECURRENT,28007,es_home,25.0,0
8,C_RECURRENT,2,F,28007,M_RECURRENT,28007,es_home,26.0,0
48,C_RECURRENT,2,F,28007,M_RECURRENT,28007,es_home,27.0,0
